Y   "tinysvm"	<http://linghub.lider-project.eu/lremap/ad487714ae0eb7bc71133bbe2385045f> <http://linghub.lider-project.eu/lremap/a4b479cc17d8e5d7f61a7eb11080ab67>
Y   "zaya"	<http://linghub.lider-project.eu/lremap/ce7e382143ac36451bc74ef3e024129d> <http://linghub.lider-project.eu/lremap/356876fe3f88c178c559a7befae34b57>
N   "untitled song"	<http://linghub.lider-project.eu/clarin/California_Language_Archive/oai_cla_berkeley_edu_24_1Untitled+Song> <http://linghub.lider-project.eu/clarin/California_Language_Archive/oai_cla_berkeley_edu_LA_Untitled+song>
Y   "cortrad"	<http://linghub.lider-project.eu/lremap/d36ea1db5210a876fc73c2b05bde99c6> <http://linghub.lider-project.eu/lremap/0e7785d394a66b7d306d61f554c5112f>
Y   "creagest"	<http://linghub.lider-project.eu/lremap/d7735c5248a505f7c41f9ad5ef19eaf3> <http://linghub.lider-project.eu/lremap/5b8e697e92a41a443d619383af2bc791>
Y   "italian-catalan lmf apertium bilingual dictionary"	<http://linghub.lider-project.eu/clarin/IULA_UPF_OAI_Archive/oai_iula_upf_edu_Apertium_ca_it_resource_8v2> <http://linghub.lider-project.eu/clarin/IULA_UPF_Centre_de_Competencia_CLARIN/oai_iula_upf_edu_Apertium_ca_it_resource_8v2>
Y   "treetagger"	<http://linghub.lider-project.eu/lremap/b9d94c243ae7cb4767f9dcd7079fe354> <http://linghub.lider-project.eu/lremap/c2d2462a5a54c98bb8706f4fb2010f0c> <http://linghub.lider-project.eu/lremap/d89fdfadb68fdbd7014e9b10a301f51b> <http://linghub.lider-project.eu/lremap/3fcc42a68a641790b4234c107842877e> <http://linghub.lider-project.eu/lremap/e97d12306bd93eb92b22c53fcc2eeca2> <http://linghub.lider-project.eu/lremap/df8614008d808af6ecfe766b63310466> <http://linghub.lider-project.eu/lremap/eb7e8137469191535fa94beb699151f4> <http://linghub.lider-project.eu/lremap/ea510d5e251bbaee533b73cdc92a6cde> <http://linghub.lider-project.eu/lremap/faf86264b267502f55f04ac1d1d2d4f5> <http://linghub.lider-project.eu/lremap/3d32afe0c73ce3160fd796695b655b3a> <http://linghub.lider-project.eu/lremap/efda6ed186906d58e73b8e04eb682357> <http://linghub.lider-project.eu/lremap/3906f8734cf805b53b1f93e16e66ede7> <http://linghub.lider-project.eu/lremap/20eb8426be9837b3d46a65a58cbaf918> <http://linghub.lider-project.eu/lremap/0ec9c1080f898ddb20bec2fe8de89582> <http://linghub.lider-project.eu/lremap/1783059678c793b59a60ee4beef82e17> <http://linghub.lider-project.eu/lremap/60fcdce30a41222ab42eba9ee7808bb2> <http://linghub.lider-project.eu/lremap/cd56efb390cd215efe218484bff33472> <http://linghub.lider-project.eu/lremap/6aa7bff0eaab8ac1fa61e4cc0dc49782> <http://linghub.lider-project.eu/lremap/9833e1276f6341d70876b766be9ebe69> <http://linghub.lider-project.eu/lremap/870842886ed30a6059cdac9ff3cd58d3> <http://linghub.lider-project.eu/lremap/7511a4100e25f2ab7cb911efaff64968> <http://linghub.lider-project.eu/lremap/12197f8ecd6057952998bb46648cbe10> <http://linghub.lider-project.eu/lremap/d13f26a1ff44c23b31abdd71b1fb9e6c>
Y   "rouge"	<http://linghub.lider-project.eu/lremap/b40a8a075aa345304fa648cdd514d850> <http://linghub.lider-project.eu/lremap/8c8d87f9e290a68ae8fdf08dad09de5f> <http://linghub.lider-project.eu/lremap/7abd2f60c2dcf58082557364a126e2d1> <http://linghub.lider-project.eu/lremap/ed4f02716f199d34830612c89bfd7d6b> <http://linghub.lider-project.eu/lremap/8a2ee33f0ff586bca6a4afa5636a9348>
Y   "english gigaword second edition"	<http://linghub.lider-project.eu/clarin/The_LDC_Corpus_Catalog/oai_www_ldc_upenn_edu_LDC2005T12> <http://linghub.lider-project.eu/lremap/8b6ee669eb96f43900969d51ecd2e61d>
N   "nature"	<http://linghub.lider-project.eu/clarin/Oxford_Text_Archive/oai_ota_oucs_1032> <http://linghub.lider-project.eu/clarin/California_Language_Archive/oai_cla_berkeley_edu_LA_144_012>
Y   "academia sinica formosan language digital\n            library"	<http://linghub.lider-project.eu/clarin/Academia_Sinica_Formosan_Language_Archive/oai_sinica_edu_tw_Formosan> <http://linghub.lider-project.eu/clarin/Academia_Sinica_Balanced_Corpus_of_Modern_Chinese/oai_sinica_edu_tw_Formosan>
Y   "a kewa dictionary, with supplementary grammatical and anthropological materials"	<http://linghub.lider-project.eu/clarin/The_Rosetta_Project_A_Long_Now_Foundation_Library_of_Human_Language/oai_rosettaproject_org_rosettaproject_kjs_vertxt_1> <http://linghub.lider-project.eu/clarin/WALS_RefDB/oai_refdb_wals_info_1534>
Y   "sweathouse doctor-making dance song"	<http://linghub.lider-project.eu/clarin/California_Language_Archive/oai_cla_berkeley_edu_24_8Sweathouse+Doctor-Making+Dance+Song> <http://linghub.lider-project.eu/clarin/California_Language_Archive/oai_cla_berkeley_edu_24_8Sweathouse+Doctor-making+dance+song>
Y   "stanford log-linear part-of-speech tagger"	<http://linghub.lider-project.eu/lremap/1459c298637ecd4c0670fd0df84aad4c> <http://linghub.lider-project.eu/lremap/14ed10b31cee468d7cc7c626097b60a5> <http://linghub.lider-project.eu/lremap/2a59305be8b372e0bd730b386b2048e2> <http://linghub.lider-project.eu/lremap/435e5fc7e453139a88fcf3ccb083a1ad> <http://linghub.lider-project.eu/lremap/e0d53e275d8aaf606ec3959f3e2f7dc0> <http://linghub.lider-project.eu/lremap/f063593b75e75f4422680a83dfb83afd>
Y   "degels1"	<http://linghub.lider-project.eu/clarin/Speech_and_Language_Data_Repository/oai_sldr_org_sldr000767> <http://linghub.lider-project.eu/lremap/389ed2c72acce9d5e14710722af6a0ee>
Y   "spanish lmf freeling sense"	<http://linghub.lider-project.eu/clarin/IULA_UPF_OAI_Archive/oai_iula_upf_edu_Freeling_Spanish_Sense_resource_30v2> <http://linghub.lider-project.eu/clarin/IULA_UPF_Centre_de_Competencia_CLARIN/oai_iula_upf_edu_Freeling_Spanish_Sense_resource_30v2>
Y   "a library for support vector machines (libsvm)"	<http://linghub.lider-project.eu/lremap/77bab47e10524ecff6ffb8b36132f3e3> <http://linghub.lider-project.eu/lremap/b2416c5e3b3c50419d98a6cb83aac4ec>
?   "dutch reference grammar"	<http://linghub.lider-project.eu/clarin/WALS_RefDB/oai_refdb_wals_info_4710> <http://linghub.lider-project.eu/clarin/WALS_RefDB/oai_refdb_wals_info_3668>
Y   "tolai language course"	<http://linghub.lider-project.eu/clarin/The_Rosetta_Project_A_Long_Now_Foundation_Library_of_Human_Language/oai_rosettaproject_org_rosettaproject_ksd_ortho_1> <http://linghub.lider-project.eu/clarin/The_Rosetta_Project_A_Long_Now_Foundation_Library_of_Human_Language/oai_rosettaproject_org_rosettaproject_ksd_book_1> <http://linghub.lider-project.eu/clarin/WALS_RefDB/oai_refdb_wals_info_1535>
Y   "norkompleks"	<http://linghub.lider-project.eu/lremap/7811a49b29ae1f3c2ae7cc7873f956f7> <http://linghub.lider-project.eu/lremap/1e63515ba1f3adceee5530e1ea3546b9>
Y   "suena grammar"	<http://linghub.lider-project.eu/clarin/WALS_RefDB/oai_refdb_wals_info_914> <http://linghub.lider-project.eu/clarin/The_Rosetta_Project_A_Long_Now_Foundation_Library_of_Human_Language/oai_rosettaproject_org_rosettaproject_sue_phon_1>
Y   "corpus of interactional data (cid)"	<http://linghub.lider-project.eu/lremap/f130abbd5ddeb48602a9431eee9b236f> <http://linghub.lider-project.eu/lremap/853b8814963258141cfe0ee3a973e73c> <http://linghub.lider-project.eu/lremap/086af09f2b3c4996a1b5b8b3c5191caa>
Y   "anvil"	<http://linghub.lider-project.eu/lremap/8d7704822aba1b04123518dde25b1329> <http://linghub.lider-project.eu/lremap/100d35da4bd24202857de9ccb2bbf22a>
N   "wordlist"	<http://linghub.lider-project.eu/clarin/Pacific_And_Regional_Archive_for_Digital_Sources_in_Endangered_Cultures_PARADISEC_/oai_paradisec_org_au_LR1_030506> <http://linghub.lider-project.eu/clarin/Pacific_And_Regional_Archive_for_Digital_Sources_in_Endangered_Cultures_PARADISEC_/oai_paradisec_org_au_MC1_200504> <http://linghub.lider-project.eu/clarin/California_Language_Archive/oai_cla_berkeley_edu_LA_28_027>
Y   "bnc"	<http://linghub.lider-project.eu/lremap/e445924a5581df9b5aea115c1b128e75> <http://linghub.lider-project.eu/lremap/b32d10ccfddf2dc72e59eed874980b8a> <http://linghub.lider-project.eu/lremap/bfbe6c6b96a18ee6bc329ab99da0103d> <http://linghub.lider-project.eu/lremap/b2b97dec1b9fdb8b77cebdb5aa9b3453>
Y   "sogout"	<http://linghub.lider-project.eu/lremap/552b56236b31bc762703bb8b5fb1257c> <http://linghub.lider-project.eu/lremap/c640a424f6c1aac767c4138a7b2df215>
Y   "srebrenica corpus"	<http://linghub.lider-project.eu/lremap/87e5b747102819aaa09029acb57be9a8> <http://linghub.lider-project.eu/lremap/9b66138a0648a10014b5956cd49a6c20>
Y   "list example 01"	<http://linghub.lider-project.eu/clarin/IULA_UPF_Centre_de_Competencia_CLARIN/oai_iula_upf_edu_workflow_3> <http://linghub.lider-project.eu/clarin/IULA_UPF_OAI_Archive/oai_iula_upf_edu_workflow_3>
Y   "el idioma guaran\u00ed"	<http://linghub.lider-project.eu/clarin/WALS_RefDB/oai_refdb_wals_info_3324> <http://linghub.lider-project.eu/clarin/WALS_RefDB/oai_refdb_wals_info_6525>
Y   "aspects of tsishaath nootka phonetics and phonology"	<http://linghub.lider-project.eu/clarin/The_Rosetta_Project_A_Long_Now_Foundation_Library_of_Human_Language/oai_rosettaproject_org_rosettaproject_noo_Aspects+of+Tsishaath+Nootka+phonetics+and+phonology> <http://linghub.lider-project.eu/clarin/WALS_RefDB/oai_refdb_wals_info_806>
Y   "conceptnet"	<http://linghub.lider-project.eu/lremap/6900534f4118a9c0d9f0c045b23cc1ba> <http://linghub.lider-project.eu/lremap/d15f9a7edffb7e8c9a4ebadcea17c463> <http://linghub.lider-project.eu/datahub/conceptnet>
Y   "panacea annotated dependency greek environment corpus version 2"	<http://linghub.lider-project.eu/clarin/IULA_UPF_OAI_Archive/oai_iula_upf_edu_PAN_metadata_annotated_dep_env_EL> <http://linghub.lider-project.eu/clarin/IULA_UPF_Centre_de_Competencia_CLARIN/oai_iula_upf_edu_PAN_metadata_annotated_dep_env_EL>
Y   "panacea environment corpus n-grams en (english)"	<http://linghub.lider-project.eu/clarin/IULA_UPF_OAI_Archive/oai_iula_upf_edu_PAN_metadata_n_gram_env_EN> <http://linghub.lider-project.eu/clarin/IULA_UPF_Centre_de_Competencia_CLARIN/oai_iula_upf_edu_PAN_metadata_n_gram_env_EN>
Y   "augmented multi-party interaction (ami) meeting corpus"	<http://linghub.lider-project.eu/lremap/c80c4562088de5b9de18a1e4728a1533> <http://linghub.lider-project.eu/lremap/58f87a41239e111a27fdb8d9f140dd40>
Y   "sangireesche spraakkunst"	<http://linghub.lider-project.eu/clarin/WALS_RefDB/oai_refdb_wals_info_1364> <http://linghub.lider-project.eu/clarin/The_Rosetta_Project_A_Long_Now_Foundation_Library_of_Human_Language/oai_rosettaproject_org_rosettaproject_sxn_morsyn_1>
Y   "the lolovoli dialect of the north-east ambae language, vanuatu"	<http://linghub.lider-project.eu/clarin/WALS_RefDB/oai_refdb_wals_info_3331> <http://linghub.lider-project.eu/clarin/WALS_RefDB/oai_refdb_wals_info_6633>
N   "dance song"	<http://linghub.lider-project.eu/clarin/California_Language_Archive/oai_cla_berkeley_edu_Dance+Song> <http://linghub.lider-project.eu/clarin/California_Language_Archive/oai_cla_berkeley_edu_Dance+song>
N   "lexicon"	<http://linghub.lider-project.eu/lremap/1c752bd470aafbc140804ba3f8bfe7b4> <http://linghub.lider-project.eu/clarin/Pacific_And_Regional_Archive_for_Digital_Sources_in_Endangered_Cultures_PARADISEC_/oai_paradisec_org_au_JL3_131028>
Y   "aurora project database 2.0 - evaluation package"	<http://linghub.lider-project.eu/lremap/53d64c59569cf210862fee3194687e04> <http://linghub.lider-project.eu/clarin/European_Language_Resources_Association/oai_catalogue_elra_info_ELRA_AURORA_CD0002> <http://linghub.lider-project.eu/lremap/a76becac51b1ec3f5a73d88bbdedce5b> <http://linghub.lider-project.eu/lremap/141e76c90ca06d5d391bd14f856ab025>
Y   "tdt4"	<http://linghub.lider-project.eu/lremap/0e1a5f4df942a0a2cc29be436a85dbb3> <http://linghub.lider-project.eu/lremap/0b7c72bc273d7f225e7df95110e92b31>
Y   "sprout"	<http://linghub.lider-project.eu/lremap/a67c048308666dbbb2f7d919278ac380> <http://linghub.lider-project.eu/lremap/b979174b71d6234213113d45aa4600ea>
Y   "a functional grammar of gooniyandi"	<http://linghub.lider-project.eu/clarin/The_Rosetta_Project_A_Long_Now_Foundation_Library_of_Human_Language/oai_rosettaproject_org_rosettaproject_gni_detail_1> <http://linghub.lider-project.eu/clarin/The_Rosetta_Project_A_Long_Now_Foundation_Library_of_Human_Language/oai_rosettaproject_org_rosettaproject_gni_vertxt_1> <http://linghub.lider-project.eu/clarin/The_Rosetta_Project_A_Long_Now_Foundation_Library_of_Human_Language/oai_rosettaproject_org_rosettaproject_gni_phon_1> <http://linghub.lider-project.eu/clarin/WALS_RefDB/oai_refdb_wals_info_559>
Y   "mate"	<http://linghub.lider-project.eu/lremap/d43047c6116c33f8dfef4bcf0735eb86> <http://linghub.lider-project.eu/lremap/185304d735f91b7ee0d7103032218142> <http://linghub.lider-project.eu/lremap/02bd8f368fd5d58c608c9314253bf9bd>
Y   "maui-indexer"	<http://linghub.lider-project.eu/lremap/091be2c6674e2ec11d212ad7220b409e> <http://linghub.lider-project.eu/lremap/4800a021be5366eaa6000f13181e894a>
Y   "crisis management corpus"	<http://linghub.lider-project.eu/lremap/412ede02604bb3a411c68e47aeab826f> <http://linghub.lider-project.eu/lremap/10adf3b69d2f1dce4983524a11cd8bd2>
Y   "tree tagger"	<http://linghub.lider-project.eu/lremap/727744cb9f9eece76fc0adc87049507b> <http://linghub.lider-project.eu/lremap/1f141292dbcc38494d4b1fd9f4f4ee4e>
Y   "panacea english v-subcat gold-standard for env domain"	<http://linghub.lider-project.eu/clarin/IULA_UPF_OAI_Archive/oai_iula_upf_edu_PAN_metadata_VSubcat_GS_ENV_EN> <http://linghub.lider-project.eu/clarin/IULA_UPF_Centre_de_Competencia_CLARIN/oai_iula_upf_edu_PAN_metadata_VSubcat_GS_ENV_EN>
Y   "kopar stories"	<http://linghub.lider-project.eu/clarin/Pacific_And_Regional_Archive_for_Digital_Sources_in_Endangered_Cultures_PARADISEC_/oai_paradisec_org_au_WF1_WFCD04> <http://linghub.lider-project.eu/clarin/Pacific_And_Regional_Archive_for_Digital_Sources_in_Endangered_Cultures_PARADISEC_/oai_paradisec_org_au_WF1_WFCD03>
N   "the sea wolf"	<http://linghub.lider-project.eu/clarin/Oxford_Text_Archive/oai_ota_oucs_3045> <http://linghub.lider-project.eu/clarin/Oxford_Text_Archive/oai_ota_oucs_1615>
Y   "penn treebank"	<http://linghub.lider-project.eu/lremap/70fbe027b087f1c0fdad6dbaea8e8b70> <http://linghub.lider-project.eu/lremap/cda0ee0d397b05a651c20d34fab72ad1> <http://linghub.lider-project.eu/lremap/2229b2917a8e08697b83a3a12cce4ca5> <http://linghub.lider-project.eu/lremap/8221fa2494747eb65c7ae115c74a2a1c> <http://linghub.lider-project.eu/lremap/0e43bca3b5723ae5955cc8bfcee5b9ad> <http://linghub.lider-project.eu/lremap/54837f8c511f653cfa027d043dee2763> <http://linghub.lider-project.eu/lremap/a4cb0e0cbb5a42538a6bef8633715e4b> <http://linghub.lider-project.eu/lremap/a6b16ddccb779d642aa7e71e57b47e07> <http://linghub.lider-project.eu/lremap/2e04a1e427e1eb7702ddbe0d61a2b5cb> <http://linghub.lider-project.eu/lremap/1c79ef9bad3120f3467714f134c3f744> <http://linghub.lider-project.eu/lremap/c913cfd77ec848dd33e23331f2573b77> <http://linghub.lider-project.eu/lremap/3b790f6825b233f74f13ad7c550fc157>
Y   "europarl"	<http://linghub.lider-project.eu/lremap/b5f96b7e00dab300213e7f4d5814caf7> <http://linghub.lider-project.eu/lremap/7fc8ddb1004527ab1647779f9e099527> <http://linghub.lider-project.eu/lremap/f8b90a5ee76768d10bc9fe1422dfd584> <http://linghub.lider-project.eu/lremap/905cb0d28dc9fd7d41a81e3546d45eb4> <http://linghub.lider-project.eu/lremap/c6780a2e7247467847b2a97fafe96aa1> <http://linghub.lider-project.eu/lremap/7f67c8708c10d4d5a8808c430085edad> <http://linghub.lider-project.eu/lremap/c26e2cb3eff53860a30292b90781b26a> <http://linghub.lider-project.eu/lremap/0fb99e37746f966229549c11862c8a51> <http://linghub.lider-project.eu/lremap/93f834862cdfdfdb3dcbff02d87aea96> <http://linghub.lider-project.eu/lremap/f2ed3254ad318127410509a0f1c351d9> <http://linghub.lider-project.eu/lremap/f986c60322cc95312cd9881e207c116f> <http://linghub.lider-project.eu/lremap/32838b151b244725f518c943e7d5e827> <http://linghub.lider-project.eu/lremap/b39c87d282ee61ba3f13434c5511a0af> <http://linghub.lider-project.eu/lremap/b06a9457dc4a120b5cb576f0ebc65dce> <http://linghub.lider-project.eu/lremap/b4f55a159435e015fc4527b62c4591c5> <http://linghub.lider-project.eu/lremap/aeaf7f8ee5b94cc743624253bd4162f3> <http://linghub.lider-project.eu/lremap/7da7cf651664a0e182afac876f20a835> <http://linghub.lider-project.eu/lremap/38413acead5b92ef73536bbafe50169b> <http://linghub.lider-project.eu/lremap/a2fb3def3fad8bc5217a6e56cfd1408d> <http://linghub.lider-project.eu/lremap/82f787d5acfb8bec23aad64725f6461d> <http://linghub.lider-project.eu/lremap/08493050f02412af6a6213b1fa78e1af> <http://linghub.lider-project.eu/lremap/3eceb5ede2f42e4843faf5e0cf4f25db> <http://linghub.lider-project.eu/lremap/6094c06f39ac76a4157336498dc1c94c> <http://linghub.lider-project.eu/lremap/2f6234cf4c819ae6675eae87eba707b6> <http://linghub.lider-project.eu/lremap/7dedcecd98650236f9955caed01915c8> <http://linghub.lider-project.eu/lremap/13671be0fc909515f8495f6cf5ec405f> <http://linghub.lider-project.eu/lremap/a63e5796fddf49535d9468d05492fb2d> <http://linghub.lider-project.eu/lremap/e386547c12e39672828936bc81f87055> <http://linghub.lider-project.eu/lremap/865153518e248083dabaa4345e8e782b> <http://linghub.lider-project.eu/lremap/86347d0adf7d2cbe62fa87d214499423> <http://linghub.lider-project.eu/lremap/f90b4d32d5de90b8fd264bfdf0edc2e1> <http://linghub.lider-project.eu/lremap/35d036921e5da0f6d95e1d355c03fe37> <http://linghub.lider-project.eu/lremap/5645aff66801f4725d7664d1d08555a4> <http://linghub.lider-project.eu/lremap/49582588d6a1fc37a5756af51d8c99fe> <http://linghub.lider-project.eu/lremap/2d3772b12d9a685f2c4745c803e6308b> <http://linghub.lider-project.eu/lremap/576cded1f437cb3f5a9b024566dd3858> <http://linghub.lider-project.eu/lremap/d77ad5fa15810a0596bcf67ff85abb27> <http://linghub.lider-project.eu/lremap/1cf4ce3a265336bbb31403e3b6e2c428>
Y   "doshisha eye-gaze dialogue data"	<http://linghub.lider-project.eu/lremap/e8a34dd52f0f2408b4fd31922796193d> <http://linghub.lider-project.eu/lremap/87fb6eeb24683a022156190bd39db50f> <http://linghub.lider-project.eu/lremap/b9ba09a7111822fd5a5d47a3ecf93c80> <http://linghub.lider-project.eu/lremap/cd7a20c3d48d12747543135c5a6c71c3>
Y   "the phonology of capanahua and its grammatical basis"	<http://linghub.lider-project.eu/clarin/WALS_RefDB/oai_refdb_wals_info_1673> <http://linghub.lider-project.eu/clarin/WALS_RefDB/oai_refdb_wals_info_3629> <http://linghub.lider-project.eu/clarin/The_Rosetta_Project_A_Long_Now_Foundation_Library_of_Human_Language/oai_rosettaproject_org_rosettaproject_kaq_phon_1>
Y   "a pero-english and english-pero vocabulary"	<http://linghub.lider-project.eu/clarin/The_Rosetta_Project_A_Long_Now_Foundation_Library_of_Human_Language/oai_rosettaproject_org_rosettaproject_pip_A+Pero-English+and+English-Pero+vocabulary> <http://linghub.lider-project.eu/clarin/WALS_RefDB/oai_refdb_wals_info_5339>
Y   "naskapi lexicon"	<http://linghub.lider-project.eu/clarin/The_Rosetta_Project_A_Long_Now_Foundation_Library_of_Human_Language/oai_rosettaproject_org_rosettaproject_nsk_detail_1> <http://linghub.lider-project.eu/clarin/WALS_RefDB/oai_refdb_wals_info_5447> <http://linghub.lider-project.eu/clarin/The_Rosetta_Project_A_Long_Now_Foundation_Library_of_Human_Language/oai_rosettaproject_org_rosettaproject_nsk_map_1>
Y   "notes on balangao grammar"	<http://linghub.lider-project.eu/clarin/The_Rosetta_Project_A_Long_Now_Foundation_Library_of_Human_Language/oai_rosettaproject_org_rosettaproject_blw_Notes+on+Balangao+Grammar> <http://linghub.lider-project.eu/clarin/WALS_RefDB/oai_refdb_wals_info_3268>
Y   "ter"	<http://linghub.lider-project.eu/lremap/329d26300bc7abafd84f352ee1cd4b6a> <http://linghub.lider-project.eu/lremap/1e0d3f6e3ee65f39b2fc19dc67b74ff9>
Y   "knowtator"	<http://linghub.lider-project.eu/lremap/4aa116c6ecb9ed1cd6db84b0171f5161> <http://linghub.lider-project.eu/lremap/9522ae4b6e2a5dd3b17891fd8c61b1f2>
Y   "an elementary palaung grammar"	<http://linghub.lider-project.eu/clarin/The_Rosetta_Project_A_Long_Now_Foundation_Library_of_Human_Language/oai_rosettaproject_org_rosettaproject_pll_ortho_1> <http://linghub.lider-project.eu/clarin/The_Rosetta_Project_A_Long_Now_Foundation_Library_of_Human_Language/oai_rosettaproject_org_rosettaproject_pll_vertxt_1> <http://linghub.lider-project.eu/clarin/The_Rosetta_Project_A_Long_Now_Foundation_Library_of_Human_Language/oai_rosettaproject_org_rosettaproject_pce_ortho_1> <http://linghub.lider-project.eu/clarin/WALS_RefDB/oai_refdb_wals_info_4778>
?   "magahi"	<http://linghub.lider-project.eu/clarin/WALS_RefDB/oai_refdb_wals_info_3283> <http://linghub.lider-project.eu/clarin/The_Rosetta_Project_A_Long_Now_Foundation_Library_of_Human_Language/oai_rosettaproject_org_rosettaproject_mag_undec_1>
Y   "cl. viri augusti buchneri epistolae, opus posthumum"	<http://linghub.lider-project.eu/clarin/Wolfenbuettel_Digital_Library/oai_diglib_hab_de_ppn_7Cl.+Viri+Augusti+Buchneri+Epistolae%2C+Opus+Posthumum> <http://linghub.lider-project.eu/clarin/Wolfenbuettel_Digital_Library/oai_diglib_hab_de_ppn_577325574>
?   "brush dance song (light song)"	<http://linghub.lider-project.eu/clarin/California_Language_Archive/oai_cla_berkeley_edu_24_1902> <http://linghub.lider-project.eu/clarin/California_Language_Archive/oai_cla_berkeley_edu_24_11Brush+Dance+Song+%28Light+Song%29> <http://linghub.lider-project.eu/clarin/California_Language_Archive/oai_cla_berkeley_edu_24_876>
Y   "haida dictionary"	<http://linghub.lider-project.eu/clarin/The_Rosetta_Project_A_Long_Now_Foundation_Library_of_Human_Language/oai_rosettaproject_org_rosettaproject_hdn_phon_1> <http://linghub.lider-project.eu/clarin/WALS_RefDB/oai_refdb_wals_info_5425> <http://linghub.lider-project.eu/clarin/The_Rosetta_Project_A_Long_Now_Foundation_Library_of_Human_Language/oai_rosettaproject_org_rosettaproject_hdn_ortho_1>
Y   "eihera"	<http://linghub.lider-project.eu/clarin/Euskal_Herriko_Unibertsitatea/oai_ehu_upv_ixa_92> <http://linghub.lider-project.eu/lremap/9e24104fc0c91ac8a5a4195bf86ac7da>
Y   "btagger"	<http://linghub.lider-project.eu/lremap/5ea3335adcacd26dd091b66db13d13f0> <http://linghub.lider-project.eu/lremap/4502d402f1cd2adbd00eb989b88c24c1>
Y   "a vietnamese reference grammar"	<http://linghub.lider-project.eu/clarin/WALS_RefDB/oai_refdb_wals_info_3593> <http://linghub.lider-project.eu/clarin/WALS_RefDB/oai_refdb_wals_info_3527>
Y   "panacea english automatically acquired lexicon for lab domain: lexical semantic classes for nouns"	<http://linghub.lider-project.eu/clarin/IULA_UPF_Centre_de_Competencia_CLARIN/oai_iula_upf_edu_PAN_metadata_TRL_ACQ_lexical_semantic_classes_LAB_EN> <http://linghub.lider-project.eu/clarin/IULA_UPF_OAI_Archive/oai_iula_upf_edu_PAN_metadata_TRL_ACQ_lexical_semantic_classes_LAB_EN>
Y   "medical subject headings"	<http://linghub.lider-project.eu/lremap/4454be9ea4e092a9dbf6a4ae5812845c> <http://linghub.lider-project.eu/lremap/23bfe2f84b8133dd16cbe8e5ffdcca09>
N   "tamil"	<http://linghub.lider-project.eu/clarin/Pacific_And_Regional_Archive_for_Digital_Sources_in_Endangered_Cultures_PARADISEC_/oai_paradisec_org_au_AC1_426> <http://linghub.lider-project.eu/clarin/WALS_RefDB/oai_refdb_wals_info_2138> <http://linghub.lider-project.eu/clarin/WALS_RefDB/oai_refdb_wals_info_3028> <http://linghub.lider-project.eu/clarin/WALS_RefDB/oai_refdb_wals_info_3075>
Y   "spanish-catalan lmf apertium bilingual dictionary"	<http://linghub.lider-project.eu/clarin/IULA_UPF_OAI_Archive/oai_iula_upf_edu_Apertium_es_ca_resource_14v2> <http://linghub.lider-project.eu/clarin/IULA_UPF_Centre_de_Competencia_CLARIN/oai_iula_upf_edu_Apertium_es_ca_resource_14v2>
?   "mma"	<http://linghub.lider-project.eu/lremap/301836ebcbc50649494b2f84d5b080bc> <http://linghub.lider-project.eu/lremap/17c87dc8c5bb428002d4b208e16f38c1> <http://linghub.lider-project.eu/lremap/4575f76da7a3da152c40e6cbcf066b89>
Y   "selepet-english dictionary"	<http://linghub.lider-project.eu/clarin/WALS_RefDB/oai_refdb_wals_info_6836> <http://linghub.lider-project.eu/clarin/The_Rosetta_Project_A_Long_Now_Foundation_Library_of_Human_Language/oai_rosettaproject_org_rosettaproject_spl_ortho_1>
Y   "ilex"	<http://linghub.lider-project.eu/lremap/3eebdbec4a4ea1d2350db3c480abaaf0> <http://linghub.lider-project.eu/lremap/0c44c3160404e803979eccd881ef6299> <http://linghub.lider-project.eu/lremap/827ba22a00848ea86fe6b2c5b0bfc830>
Y   "link parser"	<http://linghub.lider-project.eu/lremap/9fa92e647ebde485962be28342b4b2e7> <http://linghub.lider-project.eu/lremap/84a947a8bfc894e669730cec7ddbf636>
Y   "propbank"	<http://linghub.lider-project.eu/lremap/7b718cc6650238e014612323b1159cf2> <http://linghub.lider-project.eu/lremap/5f3dab9486b0afc4cbc79c7b81b039bc> <http://linghub.lider-project.eu/lremap/8de8454e98a85e4ea131603ea5f10783> <http://linghub.lider-project.eu/lremap/f5e8863ddc05c84689a57f49bfacd37b>
Y   "siroi grammar"	<http://linghub.lider-project.eu/clarin/The_Rosetta_Project_A_Long_Now_Foundation_Library_of_Human_Language/oai_rosettaproject_org_rosettaproject_ssd_phon_1> <http://linghub.lider-project.eu/clarin/The_Rosetta_Project_A_Long_Now_Foundation_Library_of_Human_Language/oai_rosettaproject_org_rosettaproject_ssd_detail_1> <http://linghub.lider-project.eu/clarin/WALS_RefDB/oai_refdb_wals_info_1891>
Y   "a reference grammar of mbay"	<http://linghub.lider-project.eu/clarin/WALS_RefDB/oai_refdb_wals_info_3582> <http://linghub.lider-project.eu/clarin/The_Rosetta_Project_A_Long_Now_Foundation_Library_of_Human_Language/oai_rosettaproject_org_rosettaproject_myb_phon_1>
Y   "massive iula tagger for crawled data"	<http://linghub.lider-project.eu/clarin/IULA_UPF_OAI_Archive/oai_iula_upf_edu_workflow_6> <http://linghub.lider-project.eu/clarin/IULA_UPF_Centre_de_Competencia_CLARIN/oai_iula_upf_edu_workflow_6>
Y   "stanford dependency parser"	<http://linghub.lider-project.eu/lremap/8c7d65584cd4c85d4b0e761adbd8e83e> <http://linghub.lider-project.eu/lremap/99e152b7fbf86d720e8817581e295b30>
N   "bird song"	<http://linghub.lider-project.eu/clarin/Pacific_And_Regional_Archive_for_Digital_Sources_in_Endangered_Cultures_PARADISEC_/oai_paradisec_org_au_KM1_032> <http://linghub.lider-project.eu/clarin/California_Language_Archive/oai_cla_berkeley_edu_24_2354>
Y   "nez perce texts"	<http://linghub.lider-project.eu/clarin/WALS_RefDB/oai_refdb_wals_info_2132> <http://linghub.lider-project.eu/clarin/The_Rosetta_Project_A_Long_Now_Foundation_Library_of_Human_Language/oai_rosettaproject_org_rosettaproject_nez_ortho_1> <http://linghub.lider-project.eu/clarin/The_Rosetta_Project_A_Long_Now_Foundation_Library_of_Human_Language/oai_rosettaproject_org_rosettaproject_nez_vertxt_1> <http://linghub.lider-project.eu/clarin/The_Rosetta_Project_A_Long_Now_Foundation_Library_of_Human_Language/oai_rosettaproject_org_rosettaproject_nez_detail_1>
Y   "laf/graf"	<http://linghub.lider-project.eu/lremap/2e2a6ec5db2d5280eb5b4cfe7245cef9> <http://linghub.lider-project.eu/lremap/1e4a6bd5f6f2c1f4d93372181d93ef44>
Y   "service - iula tagger web service"	<http://linghub.lider-project.eu/clarin/IULA_UPF_OAI_Archive/oai_iula_upf_edu_118> <http://linghub.lider-project.eu/clarin/IULA_UPF_Centre_de_Competencia_CLARIN/oai_iula_upf_edu_118>
Y   "a description of the yugumbir dialect of bandjalang"	<http://linghub.lider-project.eu/clarin/The_Rosetta_Project_A_Long_Now_Foundation_Library_of_Human_Language/oai_rosettaproject_org_rosettaproject_bdy_contents_1> <http://linghub.lider-project.eu/clarin/The_Rosetta_Project_A_Long_Now_Foundation_Library_of_Human_Language/oai_rosettaproject_org_rosettaproject_bdy_vocab_1> <http://linghub.lider-project.eu/clarin/The_Rosetta_Project_A_Long_Now_Foundation_Library_of_Human_Language/oai_rosettaproject_org_rosettaproject_bdy_map_1> <http://linghub.lider-project.eu/clarin/The_Rosetta_Project_A_Long_Now_Foundation_Library_of_Human_Language/oai_rosettaproject_org_rosettaproject_bdy_morsyn_1> <http://linghub.lider-project.eu/clarin/The_Rosetta_Project_A_Long_Now_Foundation_Library_of_Human_Language/oai_rosettaproject_org_rosettaproject_bdy_detail_1> <http://linghub.lider-project.eu/clarin/The_Rosetta_Project_A_Long_Now_Foundation_Library_of_Human_Language/oai_rosettaproject_org_rosettaproject_bdy_phon_1> <http://linghub.lider-project.eu/clarin/The_Rosetta_Project_A_Long_Now_Foundation_Library_of_Human_Language/oai_rosettaproject_org_rosettaproject_bdy_references_1> <http://linghub.lider-project.eu/clarin/WALS_RefDB/oai_refdb_wals_info_177>
Y   "boolean semantics for natural language"	<http://linghub.lider-project.eu/clarin/WALS_RefDB/oai_refdb_wals_info_5879> <http://linghub.lider-project.eu/clarin/A_Digital_Archive_of_Research_Papers_in_Computational_Linguistics/oai_acl_sr_language_archives_org_J86_4005>
Y   "is yuki a tone language?"	<http://linghub.lider-project.eu/clarin/California_Language_Archive/oai_cla_berkeley_edu_Shepherd_002_002> <http://linghub.lider-project.eu/clarin/California_Language_Archive/oai_cla_berkeley_edu_Oswalt_003_053>
?   "three brush dance songs"	<http://linghub.lider-project.eu/clarin/California_Language_Archive/oai_cla_berkeley_edu_24_989> <http://linghub.lider-project.eu/clarin/California_Language_Archive/oai_cla_berkeley_edu_LA_136_001>
Y   "treebank-3"	<http://linghub.lider-project.eu/clarin/The_LDC_Corpus_Catalog/oai_www_ldc_upenn_edu_LDC99T42> <http://linghub.lider-project.eu/clarin/Speech_and_Language_Data_Repository/oai_sldr_org_ldc000726> <http://linghub.lider-project.eu/lremap/8e4de542c47154de1eb1151d4034500d>
Y   "fijian meke"	<http://linghub.lider-project.eu/clarin/Pacific_And_Regional_Archive_for_Digital_Sources_in_Endangered_Cultures_PARADISEC_/oai_paradisec_org_au_AS2_010> <http://linghub.lider-project.eu/clarin/Pacific_And_Regional_Archive_for_Digital_Sources_in_Endangered_Cultures_PARADISEC_/oai_paradisec_org_au_AS2_010Fijian+meke>
?   "message understanding conference (muc) 6"	<http://linghub.lider-project.eu/clarin/The_LDC_Corpus_Catalog/oai_www_ldc_upenn_edu_LDC2003T13> <http://linghub.lider-project.eu/lremap/4e75cf0904477ac45a305810050b07cd>
Y   "prague dependency treebank 2.0"	<http://linghub.lider-project.eu/lremap/dcb7e031be3e2163df0550fc460e55a2> <http://linghub.lider-project.eu/lremap/4664eda24abb2f5de4bdb04bd4dc340c> <http://linghub.lider-project.eu/clarin/The_LDC_Corpus_Catalog/oai_www_ldc_upenn_edu_LDC2006T01> <http://linghub.lider-project.eu/lremap/edeceb6f373a527d2c3945f77ad4a172> <http://linghub.lider-project.eu/lremap/3591aa02a1b165af3bae0242b773e5c1> <http://linghub.lider-project.eu/lremap/33b456f9bb713eba64c4d08196b63c9b> <http://linghub.lider-project.eu/lremap/7862e21e5cdffffca0872b3a9995c29b> <http://linghub.lider-project.eu/lremap/8c0e82c46f9c3153afd0dda1462a5119> <http://linghub.lider-project.eu/lremap/e6cc4d9d48346ce5dd261d18a1dffac8>
Y   "weri phonemes"	<http://linghub.lider-project.eu/clarin/The_Rosetta_Project_A_Long_Now_Foundation_Library_of_Human_Language/oai_rosettaproject_org_rosettaproject_wer_ortho_1> <http://linghub.lider-project.eu/clarin/The_Rosetta_Project_A_Long_Now_Foundation_Library_of_Human_Language/oai_rosettaproject_org_rosettaproject_wer_vertxt_1> <http://linghub.lider-project.eu/clarin/The_Rosetta_Project_A_Long_Now_Foundation_Library_of_Human_Language/oai_rosettaproject_org_rosettaproject_wer_phon_1> <http://linghub.lider-project.eu/clarin/WALS_RefDB/oai_refdb_wals_info_1421>
Y   "chinese treebank 5.1"	<http://linghub.lider-project.eu/lremap/13cfae0b4325c410cf9267ee03257ac4> <http://linghub.lider-project.eu/lremap/9cc0b7c8abcd2ce9caaa90826c4b6bb2>
Y   "bulgarian morphological dictionary"	<http://linghub.lider-project.eu/lremap/b9381c3b04ae8ea42cb0b5721bc98ad3> <http://linghub.lider-project.eu/clarin/European_Language_Resources_Association/oai_catalogue_elra_info_ELRA_L0030>
Y   "freeling"	<http://linghub.lider-project.eu/lremap/d2f56bf35ac754706325cfaf932952d6> <http://linghub.lider-project.eu/lremap/204581889cc3f07e11c8495b61975f3e> <http://linghub.lider-project.eu/lremap/a8e836e50bfafffd22bea5c7cf2d325c> <http://linghub.lider-project.eu/lremap/81be394c77a36f079e95757e2c15b89f> <http://linghub.lider-project.eu/lremap/a38a5493c55a54f39ff9e8fe199b0ccf> <http://linghub.lider-project.eu/lremap/29eecdaf06a3e63a3dbada87caa943ad> <http://linghub.lider-project.eu/lremap/f1efaef391ec976ae8c2586fb447c53f> <http://linghub.lider-project.eu/lremap/06e200713483d7212bcbcc7f0db78649> <http://linghub.lider-project.eu/lremap/3c0299f123335fdb2088c822e63a87ce>
Y   "rst discourse treebank"	<http://linghub.lider-project.eu/lremap/c306da6240c50e18d9d3edef28aaf8e7> <http://linghub.lider-project.eu/lremap/5bc093bb2740814cbd512613f8828359> <http://linghub.lider-project.eu/lremap/3ba3c75b08509622e34b7b21e83cd5aa> <http://linghub.lider-project.eu/lremap/ba0b337101400ce146e6fa2750650dbf> <http://linghub.lider-project.eu/clarin/The_LDC_Corpus_Catalog/oai_www_ldc_upenn_edu_LDC2002T07>
Y   "service - artifact nouns classifier web service"	<http://linghub.lider-project.eu/clarin/IULA_UPF_Centre_de_Competencia_CLARIN/oai_iula_upf_edu_265> <http://linghub.lider-project.eu/clarin/IULA_UPF_OAI_Archive/oai_iula_upf_edu_265>
Y   "a grammatical sketch of remo: a munda language"	<http://linghub.lider-project.eu/clarin/WALS_RefDB/oai_refdb_wals_info_2327> <http://linghub.lider-project.eu/clarin/The_Rosetta_Project_A_Long_Now_Foundation_Library_of_Human_Language/oai_rosettaproject_org_rosettaproject_rem_detail_1> <http://linghub.lider-project.eu/clarin/The_Rosetta_Project_A_Long_Now_Foundation_Library_of_Human_Language/oai_rosettaproject_org_rosettaproject_rem_phon_1> <http://linghub.lider-project.eu/clarin/The_Rosetta_Project_A_Long_Now_Foundation_Library_of_Human_Language/oai_rosettaproject_org_rosettaproject_rem_references_1> <http://linghub.lider-project.eu/clarin/The_Rosetta_Project_A_Long_Now_Foundation_Library_of_Human_Language/oai_rosettaproject_org_rosettaproject_rem_number_1> <http://linghub.lider-project.eu/clarin/The_Rosetta_Project_A_Long_Now_Foundation_Library_of_Human_Language/oai_rosettaproject_org_rosettaproject_rem_contents_1>
Y   "chatino syntax"	<http://linghub.lider-project.eu/clarin/The_Rosetta_Project_A_Long_Now_Foundation_Library_of_Human_Language/oai_rosettaproject_org_rosettaproject_cta_vertxt_1> <http://linghub.lider-project.eu/clarin/The_Rosetta_Project_A_Long_Now_Foundation_Library_of_Human_Language/oai_rosettaproject_org_rosettaproject_cta_phon_1> <http://linghub.lider-project.eu/clarin/WALS_RefDB/oai_refdb_wals_info_672>
Y   "lt corpus"@en	<http://linghub.lider-project.eu/metashare/a3c297c4486111e2a2aa782bcb07413510a103f90b964b3aa62a658afe18f904> <http://linghub.lider-project.eu/metashare/251afdacde7111e2b1e400259011f6ead60cd1bda3ca4a9e871acbbe1b9b0ab4>
